Timings,Steps,Loss,PSNR,Learning_Rate,Data,Anti,Dist,Hash,Rays_per_sec
3,2023-07-22 17:09:09,1,0.28454,9.899,3.14e-06,0.28314,6.4e-06,0.00139,1e-09,3408841
12,2023-07-22 17:09:29,100,0.21074,11.409,0.000311,0.20934,5.9e-06,0.0014,1.1e-06,334121
13,2023-07-22 17:09:49,200,0.1268,14.801,0.000616,0.12538,5.2e-06,0.00139,2.3e-05,323474
14,2023-07-22 17:10:09,300,0.09588,16.542,0.000915,0.09448,4.4e-06,0.00135,4.3e-05,322256
15,2023-07-22 17:10:30,400,0.09069,16.947,0.00121,0.08928,5e-06,0.00136,5.4e-05,322129
16,2023-07-22 17:10:50,500,0.08637,17.219,0.00149,0.08493,5.7e-06,0.00136,7.2e-05,324969
22,2023-07-22 17:11:15,600,0.08208,17.484,0.00177,0.08066,4.6e-06,0.00132,9.6e-05,324017
23,2023-07-22 17:11:35,700,0.07825,17.778,0.00205,0.07683,5.2e-06,0.00129,0.00013,323159
24,2023-07-22 17:11:56,800,0.07433,18.202,0.00231,0.07292,7.2e-06,0.00124,0.00016,324625
25,2023-07-22 17:12:16,900,0.07114,18.62,0.00257,0.06976,1e-05,0.00117,0.0002,326213
26,2023-07-22 17:12:36,1000,0.06799,19.02,0.00282,0.06664,1.5e-05,0.00109,0.00025,328211
32,2023-07-22 17:13:02,1100,0.06508,19.392,0.00306,0.06374,2e-05,0.00102,0.0003,326828
33,2023-07-22 17:13:22,1200,0.06286,19.69,0.0033,0.06153,2.6e-05,0.00095,0.00036,326767
34,2023-07-22 17:13:42,1300,0.06069,19.98,0.00352,0.05936,3.2e-05,0.00088,0.00042,325462
35,2023-07-22 17:14:02,1400,0.05875,20.257,0.00374,0.0574,3.8e-05,0.00081,0.00049,329056
36,2023-07-22 17:14:22,1500,0.05753,20.411,0.00395,0.05616,4.3e-05,0.00076,0.00057,328799
42,2023-07-22 17:14:47,1600,0.05627,20.598,0.00416,0.05486,4.7e-05,0.00071,0.00065,335034
43,2023-07-22 17:15:07,1700,0.05485,20.804,0.00435,0.0534,5e-05,0.00066,0.00074,330625
44,2023-07-22 17:15:27,1800,0.05386,20.946,0.00454,0.05235,5.2e-05,0.00063,0.00083,326917
45,2023-07-22 17:15:47,1900,0.05291,21.097,0.00472,0.05133,5.3e-05,0.0006,0.00092,331071
46,2023-07-22 17:16:07,2000,0.05188,21.28,0.00489,0.05024,5.4e-05,0.00057,0.00102,332169
52,2023-07-22 17:16:32,2100,0.05116,21.403,0.00505,0.04944,5.6e-05,0.00055,0.00112,336610
53,2023-07-22 17:16:52,2200,0.05041,21.528,0.00521,0.04861,5.7e-05,0.00053,0.00122,328882
54,2023-07-22 17:17:11,2300,0.04966,21.662,0.00535,0.04777,5.8e-05,0.00051,0.00132,328685
55,2023-07-22 17:17:31,2400,0.04917,21.774,0.00549,0.04718,6e-05,0.0005,0.00143,331518
56,2023-07-22 17:17:51,2500,0.04848,21.913,0.00562,0.04641,6.1e-05,0.00048,0.00153,328333
62,2023-07-22 17:18:16,2600,0.04807,21.959,0.00574,0.04591,6.2e-05,0.00047,0.00163,338160
63,2023-07-22 17:18:36,2700,0.04747,22.112,0.00585,0.04522,6.3e-05,0.00046,0.00173,331421
64,2023-07-22 17:18:56,2800,0.04718,22.187,0.00595,0.04484,6.5e-05,0.00045,0.00183,331865
65,2023-07-22 17:19:15,2900,0.04655,22.322,0.00605,0.04412,6.5e-05,0.00044,0.00193,331476
66,2023-07-22 17:19:35,3000,0.04629,22.359,0.00614,0.04378,6.7e-05,0.00043,0.00202,333455
72,2023-07-22 17:20:01,3100,0.04604,22.431,0.00622,0.04344,6.9e-05,0.00042,0.00211,338448
73,2023-07-22 17:20:21,3200,0.04557,22.552,0.00629,0.04289,6.8e-05,0.00041,0.0022,334432
74,2023-07-22 17:20:40,3300,0.04509,22.648,0.00635,0.04233,7e-05,0.0004,0.00229,333643
75,2023-07-22 17:21:00,3400,0.04493,22.681,0.00641,0.04209,7.1e-05,0.00039,0.00238,326892
76,2023-07-22 17:21:20,3500,0.04468,22.747,0.00645,0.04177,7.2e-05,0.00038,0.00246,332332
82,2023-07-22 17:21:46,3600,0.04453,22.769,0.00649,0.04155,7.3e-05,0.00038,0.00254,335575
83,2023-07-22 17:22:06,3700,0.04414,22.889,0.00653,0.04109,7.3e-05,0.00037,0.00261,333327
84,2023-07-22 17:22:25,3800,0.04387,22.941,0.00655,0.04074,7.5e-05,0.00036,0.00269,331394
85,2023-07-22 17:22:45,3900,0.04378,22.966,0.00657,0.0406,7.5e-05,0.00035,0.00275,332975
86,2023-07-22 17:23:05,4000,0.04352,23.002,0.00658,0.04028,7.6e-05,0.00035,0.00282,334520
92,2023-07-22 17:23:30,4100,0.04329,23.08,0.00658,0.03999,7.7e-05,0.00034,0.00288,339404
93,2023-07-22 17:23:50,4200,0.04316,23.096,0.00658,0.03981,7.8e-05,0.00034,0.00294,335945
94,2023-07-22 17:24:09,4300,0.04294,23.17,0.00657,0.03953,7.8e-05,0.00033,0.003,335000
95,2023-07-22 17:24:29,4400,0.04274,23.238,0.00655,0.03929,7.9e-05,0.00032,0.00305,331253
96,2023-07-22 17:24:49,4500,0.04257,23.26,0.00653,0.03908,8e-05,0.00032,0.00309,335610
102,2023-07-22 17:25:14,4600,0.04246,23.319,0.00649,0.03893,8.2e-05,0.00031,0.00314,340498
103,2023-07-22 17:25:34,4700,0.04226,23.353,0.00646,0.03869,8e-05,0.00031,0.00318,335096
104,2023-07-22 17:25:53,4800,0.0422,23.371,0.00641,0.0386,8.1e-05,0.0003,0.00322,335378
105,2023-07-22 17:26:13,4900,0.04202,23.391,0.00636,0.03839,8e-05,0.0003,0.00325,334684
106,2023-07-22 17:26:32,5000,0.04194,23.432,0.00631,0.03828,8.2e-05,0.00029,0.00329,337330
117,2023-07-22 17:26:59,5100,0.04166,23.51,0.00625,0.03798,8.1e-05,0.00029,0.00331,338076
118,2023-07-22 17:27:18,5200,0.04151,23.531,0.00619,0.03781,8.1e-05,0.00028,0.00334,335547
119,2023-07-22 17:27:38,5300,0.04145,23.551,0.00614,0.03773,8.1e-05,0.00028,0.00336,333011
120,2023-07-22 17:27:58,5400,0.04137,23.555,0.00608,0.03763,8.2e-05,0.00027,0.00338,335379
121,2023-07-22 17:28:17,5500,0.04106,23.638,0.00603,0.03731,8.2e-05,0.00027,0.0034,338250
127,2023-07-22 17:28:42,5600,0.04097,23.66,0.00597,0.0372,8.3e-05,0.00026,0.00342,342756
128,2023-07-22 17:29:01,5700,0.04082,23.704,0.00592,0.03705,8.2e-05,0.00026,0.00343,333184
129,2023-07-22 17:29:21,5800,0.04068,23.741,0.00586,0.0369,8.3e-05,0.00025,0.00345,335667
130,2023-07-22 17:29:41,5900,0.04065,23.745,0.00581,0.03686,8.3e-05,0.00025,0.00346,336075
131,2023-07-22 17:30:00,6000,0.04055,23.776,0.00575,0.03674,8.4e-05,0.00025,0.00347,339960
137,2023-07-22 17:30:25,6100,0.04039,23.807,0.0057,0.03658,8.4e-05,0.00024,0.00348,343597
138,2023-07-22 17:30:45,6200,0.04016,23.864,0.00565,0.03635,8.3e-05,0.00024,0.00349,335269
139,2023-07-22 17:31:04,6300,0.04029,23.828,0.0056,0.03648,8.4e-05,0.00023,0.00349,339574
140,2023-07-22 17:31:24,6400,0.04,23.891,0.00555,0.03618,8.5e-05,0.00023,0.0035,335003
141,2023-07-22 17:31:43,6500,0.03998,23.863,0.0055,0.03616,8.6e-05,0.00023,0.00351,339644
147,2023-07-22 17:32:08,6600,0.03988,23.89,0.00545,0.03606,8.4e-05,0.00023,0.00351,341930
148,2023-07-22 17:32:28,6700,0.03968,23.935,0.0054,0.03586,8.3e-05,0.00022,0.00351,338893
149,2023-07-22 17:32:47,6800,0.03944,24.037,0.00535,0.03562,8.4e-05,0.00022,0.00352,333464
150,2023-07-22 17:33:07,6900,0.03941,24.037,0.0053,0.03559,8.5e-05,0.00022,0.00352,335017
151,2023-07-22 17:33:26,7000,0.03951,23.98,0.00525,0.0357,8.4e-05,0.00021,0.00352,338990
157,2023-07-22 17:33:51,7100,0.03933,24.038,0.0052,0.03552,8.4e-05,0.00021,0.00352,340583
158,2023-07-22 17:34:10,7200,0.03927,24.033,0.00515,0.03546,8.4e-05,0.0002,0.00352,335879
159,2023-07-22 17:34:30,7300,0.03897,24.118,0.00511,0.03516,8.5e-05,0.0002,0.00352,337426
160,2023-07-22 17:34:49,7400,0.03899,24.114,0.00506,0.03519,8.5e-05,0.0002,0.00352,335133
161,2023-07-22 17:35:09,7500,0.03903,24.075,0.00501,0.03523,8.5e-05,0.0002,0.00352,340756
167,2023-07-22 17:35:34,7600,0.03877,24.147,0.00497,0.03497,8.5e-05,0.00019,0.00351,341826
168,2023-07-22 17:35:53,7700,0.03878,24.138,0.00492,0.03499,8.5e-05,0.00019,0.00351,338081
169,2023-07-22 17:36:13,7800,0.03862,24.183,0.00488,0.03483,8.5e-05,0.00019,0.00351,338358
170,2023-07-22 17:36:32,7900,0.03849,24.215,0.00483,0.03471,8.5e-05,0.00019,0.0035,337832
171,2023-07-22 17:36:52,8000,0.03847,24.222,0.00479,0.0347,8.5e-05,0.00019,0.0035,336295
177,2023-07-22 17:37:17,8100,0.03835,24.234,0.00474,0.03458,8.5e-05,0.00018,0.0035,341742
178,2023-07-22 17:37:36,8200,0.03821,24.267,0.0047,0.03445,8.5e-05,0.00018,0.00349,337184
179,2023-07-22 17:37:56,8300,0.03807,24.317,0.00466,0.03432,8.4e-05,0.00018,0.00349,337107
180,2023-07-22 17:38:15,8400,0.03818,24.271,0.00461,0.03444,8.5e-05,0.00018,0.00348,339060
181,2023-07-22 17:38:35,8500,0.03783,24.377,0.00457,0.0341,8.4e-05,0.00018,0.00348,336267
187,2023-07-22 17:39:00,8600,0.03792,24.314,0.00453,0.03419,8.6e-05,0.00017,0.00347,343620
188,2023-07-22 17:39:19,8700,0.0378,24.374,0.00449,0.03408,8.5e-05,0.00017,0.00347,338061
189,2023-07-22 17:39:39,8800,0.03767,24.397,0.00445,0.03395,8.5e-05,0.00017,0.00346,337967
190,2023-07-22 17:39:58,8900,0.03774,24.378,0.00441,0.03403,8.5e-05,0.00017,0.00346,339444
191,2023-07-22 17:40:17,9000,0.0375,24.431,0.00437,0.03379,8.4e-05,0.00017,0.00345,339513
197,2023-07-22 17:40:42,9100,0.03752,24.406,0.00433,0.03382,8.6e-05,0.00017,0.00344,340650
198,2023-07-22 17:41:02,9200,0.03741,24.434,0.00429,0.03372,8.5e-05,0.00017,0.00344,333030
199,2023-07-22 17:41:22,9300,0.0372,24.504,0.00425,0.03352,8.9e-05,0.00016,0.00343,332425
200,2023-07-22 17:41:42,9400,0.03721,24.477,0.00421,0.03354,8.5e-05,0.00016,0.00342,333759
201,2023-07-22 17:42:01,9500,0.03723,24.461,0.00417,0.03357,8.6e-05,0.00016,0.00342,333196
207,2023-07-22 17:42:26,9600,0.03706,24.513,0.00413,0.0334,8.5e-05,0.00016,0.00341,341872
208,2023-07-22 17:42:46,9700,0.03699,24.526,0.00409,0.03334,8.5e-05,0.00016,0.0034,337618
209,2023-07-22 17:43:05,9800,0.03688,24.566,0.00406,0.03324,8.5e-05,0.00016,0.0034,337521
210,2023-07-22 17:43:25,9900,0.03689,24.546,0.00402,0.03326,8.4e-05,0.00016,0.00339,338945
211,2023-07-22 17:43:44,10000,0.03683,24.572,0.00398,0.03321,8.7e-05,0.00015,0.00338,340833
222,2023-07-22 17:44:10,10100,0.03678,24.591,0.00394,0.03316,8.5e-05,0.00015,0.00338,341496
223,2023-07-22 17:44:30,10200,0.03663,24.594,0.00391,0.03302,8.4e-05,0.00015,0.00337,339665
224,2023-07-22 17:44:49,10300,0.03652,24.605,0.00387,0.03293,8.4e-05,0.00015,0.00336,338440
225,2023-07-22 17:45:08,10400,0.03652,24.616,0.00384,0.03293,8.6e-05,0.00015,0.00335,339180
226,2023-07-22 17:45:28,10500,0.0364,24.646,0.0038,0.03282,8.5e-05,0.00015,0.00335,340214
232,2023-07-22 17:45:53,10600,0.03631,24.656,0.00377,0.03274,8.4e-05,0.00015,0.00334,345202
233,2023-07-22 17:46:12,10700,0.03632,24.66,0.00373,0.03275,8.5e-05,0.00015,0.00333,340156
234,2023-07-22 17:46:31,10800,0.03609,24.75,0.0037,0.03253,8.6e-05,0.00015,0.00332,337239
235,2023-07-22 17:46:51,10900,0.03618,24.664,0.00366,0.03264,8.6e-05,0.00014,0.00332,336339
236,2023-07-22 17:47:10,11000,0.03614,24.691,0.00363,0.0326,8.5e-05,0.00014,0.00331,340586
242,2023-07-22 17:47:35,11100,0.03595,24.759,0.0036,0.03242,8.5e-05,0.00014,0.0033,344398
243,2023-07-22 17:47:54,11200,0.03594,24.747,0.00356,0.03241,8.9e-05,0.00014,0.00329,341453
244,2023-07-22 17:48:14,11300,0.03583,24.791,0.00353,0.03232,8.4e-05,0.00014,0.00329,339517
245,2023-07-22 17:48:33,11400,0.03579,24.772,0.0035,0.03229,8.6e-05,0.00014,0.00328,338431
246,2023-07-22 17:48:52,11500,0.03574,24.794,0.00347,0.03224,8.4e-05,0.00014,0.00327,339731
252,2023-07-22 17:49:17,11600,0.03573,24.797,0.00344,0.03225,8.5e-05,0.00014,0.00326,344867
253,2023-07-22 17:49:37,11700,0.03555,24.855,0.0034,0.03207,8.4e-05,0.00014,0.00326,342311
254,2023-07-22 17:49:56,11800,0.03548,24.849,0.00337,0.03201,8.5e-05,0.00014,0.00325,341577
255,2023-07-22 17:50:15,11900,0.03536,24.9,0.00334,0.0319,8.4e-05,0.00014,0.00324,337734
256,2023-07-22 17:50:34,12000,0.03542,24.875,0.00331,0.03197,8.3e-05,0.00014,0.00323,340208
262,2023-07-22 17:50:59,12100,0.03534,24.885,0.00328,0.0319,8.5e-05,0.00013,0.00322,346645
263,2023-07-22 17:51:18,12200,0.03532,24.902,0.00325,0.03189,8.4e-05,0.00013,0.00322,341190
264,2023-07-22 17:51:37,12300,0.03522,24.912,0.00322,0.0318,8.4e-05,0.00013,0.00321,338492
265,2023-07-22 17:51:57,12400,0.03511,24.958,0.00319,0.03169,8.4e-05,0.00013,0.0032,337428
266,2023-07-22 17:52:16,12500,0.03509,24.949,0.00316,0.03168,8.4e-05,0.00013,0.00319,339120
272,2023-07-22 17:52:40,12600,0.03506,24.913,0.00313,0.03166,8.4e-05,0.00013,0.00319,345526
273,2023-07-22 17:52:59,12700,0.03491,24.961,0.0031,0.03152,8.4e-05,0.00013,0.00318,340854
274,2023-07-22 17:53:19,12800,0.03496,24.946,0.00308,0.03157,8.6e-05,0.00013,0.00317,340627
275,2023-07-22 17:53:38,12900,0.03482,24.996,0.00305,0.03144,8.5e-05,0.00013,0.00316,341377
276,2023-07-22 17:53:57,13000,0.03477,24.976,0.00302,0.0314,8.4e-05,0.00013,0.00316,340165
282,2023-07-22 17:54:23,13100,0.03479,24.976,0.00299,0.03144,8.4e-05,0.00013,0.00315,344123
283,2023-07-22 17:54:43,13200,0.0347,24.998,0.00296,0.03135,8.4e-05,0.00013,0.00314,339617
284,2023-07-22 17:55:02,13300,0.03459,25.038,0.00294,0.03125,8.3e-05,0.00013,0.00313,338394
285,2023-07-22 17:55:22,13400,0.03453,25.044,0.00291,0.0312,8.3e-05,0.00013,0.00313,338018
286,2023-07-22 17:55:41,13500,0.03445,25.054,0.00288,0.03112,8.3e-05,0.00012,0.00312,339582
292,2023-07-22 17:56:05,13600,0.0345,25.036,0.00286,0.03118,8.3e-05,0.00012,0.00311,342834
293,2023-07-22 17:56:24,13700,0.03432,25.117,0.00283,0.03101,8.3e-05,0.00012,0.0031,339436
294,2023-07-22 17:56:44,13800,0.03431,25.106,0.00281,0.031,8.4e-05,0.00012,0.0031,340311
295,2023-07-22 17:57:03,13900,0.03428,25.085,0.00278,0.03099,8.3e-05,0.00012,0.00309,341436
296,2023-07-22 17:57:22,14000,0.0342,25.097,0.00275,0.03092,8.2e-05,0.00012,0.00308,339772
302,2023-07-22 17:57:47,14100,0.03405,25.136,0.00273,0.03077,8.3e-05,0.00012,0.00307,342966
303,2023-07-22 17:58:06,14200,0.03399,25.177,0.0027,0.03072,8.3e-05,0.00012,0.00307,341207
304,2023-07-22 17:58:25,14300,0.034,25.171,0.00268,0.03074,8.3e-05,0.00012,0.00306,341442
305,2023-07-22 17:58:44,14400,0.03404,25.141,0.00265,0.03079,8.4e-05,0.00012,0.00305,342708
306,2023-07-22 17:59:03,14500,0.03385,25.207,0.00263,0.0306,8.7e-05,0.00012,0.00304,341474
312,2023-07-22 17:59:28,14600,0.03385,25.203,0.00261,0.03061,8.3e-05,0.00012,0.00304,344206
313,2023-07-22 17:59:47,14700,0.03392,25.158,0.00258,0.03069,8.2e-05,0.00012,0.00303,339872
314,2023-07-22 18:00:06,14800,0.03372,25.238,0.00256,0.0305,8.3e-05,0.00012,0.00302,339491
315,2023-07-22 18:00:26,14900,0.03363,25.263,0.00254,0.03041,8.4e-05,0.00012,0.00301,340444
316,2023-07-22 18:00:45,15000,0.03369,25.221,0.00251,0.03048,8.2e-05,0.00012,0.00301,341161
327,2023-07-22 18:01:10,15100,0.03364,25.247,0.00249,0.03044,8.2e-05,0.00012,0.003,344658
328,2023-07-22 18:01:30,15200,0.03354,25.279,0.00247,0.03035,8.2e-05,0.00012,0.00299,340450
329,2023-07-22 18:01:49,15300,0.0335,25.271,0.00244,0.03031,8.2e-05,0.00012,0.00299,340184
330,2023-07-22 18:02:08,15400,0.03342,25.313,0.00242,0.03025,8.3e-05,0.00012,0.00298,342404
331,2023-07-22 18:02:27,15500,0.03334,25.323,0.0024,0.03017,8.2e-05,0.00012,0.00297,341864
337,2023-07-22 18:02:52,15600,0.03336,25.307,0.00238,0.0302,8.2e-05,0.00012,0.00296,345513
338,2023-07-22 18:03:11,15700,0.03335,25.309,0.00236,0.0302,8.1e-05,0.00011,0.00296,342530
339,2023-07-22 18:03:30,15800,0.03331,25.311,0.00233,0.03017,8.1e-05,0.00011,0.00295,341096
340,2023-07-22 18:03:49,15900,0.03316,25.36,0.00231,0.03002,8.2e-05,0.00011,0.00294,342318
341,2023-07-22 18:04:08,16000,0.03317,25.379,0.00229,0.03004,8.2e-05,0.00011,0.00294,341448
347,2023-07-22 18:04:33,16100,0.03302,25.401,0.00227,0.02989,8.2e-05,0.00011,0.00293,345742
348,2023-07-22 18:04:52,16200,0.03307,25.339,0.00225,0.02995,8.2e-05,0.00011,0.00292,340831
349,2023-07-22 18:05:12,16300,0.03296,25.395,0.00223,0.02985,8.2e-05,0.00011,0.00292,339971
350,2023-07-22 18:05:31,16400,0.03284,25.456,0.00221,0.02973,8.2e-05,0.00011,0.00291,340829
351,2023-07-22 18:05:50,16500,0.03289,25.423,0.00219,0.0298,8.1e-05,0.00011,0.0029,340597
357,2023-07-22 18:06:15,16600,0.03279,25.451,0.00217,0.0297,8.2e-05,0.00011,0.0029,344954
358,2023-07-22 18:06:34,16700,0.03285,25.419,0.00215,0.02977,8.2e-05,0.00011,0.00289,340306
359,2023-07-22 18:06:54,16800,0.03273,25.462,0.00213,0.02966,8.2e-05,0.00011,0.00288,339143
360,2023-07-22 18:07:13,16900,0.03262,25.484,0.00211,0.02955,8.1e-05,0.00011,0.00288,339388
361,2023-07-22 18:07:32,17000,0.03263,25.441,0.00209,0.02957,8.1e-05,0.00011,0.00287,342062
367,2023-07-22 18:07:56,17100,0.03271,25.455,0.00207,0.02965,8.2e-05,0.00011,0.00286,347541
368,2023-07-22 18:08:15,17200,0.03255,25.49,0.00205,0.02951,8.1e-05,0.00011,0.00286,341551
369,2023-07-22 18:08:35,17300,0.03245,25.486,0.00203,0.02941,8.1e-05,0.00011,0.00285,339290
370,2023-07-22 18:08:54,17400,0.03252,25.502,0.00201,0.02948,8.1e-05,0.00011,0.00284,340937
371,2023-07-22 18:09:13,17500,0.03243,25.506,0.002,0.0294,8.2e-05,0.00011,0.00284,341473
377,2023-07-22 18:09:38,17600,0.03245,25.497,0.00198,0.02942,8.1e-05,0.00011,0.00283,341508
378,2023-07-22 18:09:57,17700,0.03238,25.548,0.00196,0.02937,8.1e-05,0.00011,0.00283,339519
379,2023-07-22 18:10:17,17800,0.03242,25.514,0.00194,0.02941,8.1e-05,0.00011,0.00282,337660
380,2023-07-22 18:10:36,17900,0.03226,25.559,0.00192,0.02926,8e-05,0.00011,0.00281,340717
381,2023-07-22 18:10:55,18000,0.03222,25.563,0.00191,0.02922,8e-05,0.00011,0.00281,342662
387,2023-07-22 18:11:20,18100,0.03217,25.589,0.00189,0.02918,8.2e-05,0.00011,0.0028,345585
388,2023-07-22 18:11:39,18200,0.03218,25.546,0.00187,0.02919,8.1e-05,0.00011,0.0028,338595
389,2023-07-22 18:11:59,18300,0.03208,25.618,0.00185,0.0291,8.1e-05,0.00011,0.00279,336918
390,2023-07-22 18:12:18,18400,0.03219,25.516,0.00184,0.02922,8.1e-05,0.00011,0.00278,337918
391,2023-07-22 18:12:37,18500,0.03201,25.598,0.00182,0.02905,8e-05,0.00011,0.00278,343500
397,2023-07-22 18:13:01,18600,0.03199,25.609,0.0018,0.02903,8e-05,0.00011,0.00277,347977
398,2023-07-22 18:13:20,18700,0.032,25.608,0.00179,0.02905,8.1e-05,0.00011,0.00277,341687
399,2023-07-22 18:13:39,18800,0.03193,25.62,0.00177,0.02898,8.1e-05,0.00011,0.00276,342300
400,2023-07-22 18:13:58,18900,0.03192,25.615,0.00175,0.02898,8e-05,0.00011,0.00275,342326
401,2023-07-22 18:14:18,19000,0.0319,25.589,0.00174,0.02897,8e-05,0.00011,0.00275,341026
407,2023-07-22 18:14:42,19100,0.03178,25.678,0.00172,0.02886,8.1e-05,0.00011,0.00274,342180
408,2023-07-22 18:15:01,19200,0.03175,25.673,0.00171,0.02883,8e-05,0.00011,0.00274,339203
409,2023-07-22 18:15:20,19300,0.03177,25.664,0.00169,0.02885,8.1e-05,0.00011,0.00273,343335
410,2023-07-22 18:15:40,19400,0.03161,25.717,0.00167,0.0287,8e-05,0.0001,0.00273,339515
411,2023-07-22 18:15:59,19500,0.03166,25.657,0.00166,0.02875,8.1e-05,0.0001,0.00272,343003
417,2023-07-22 18:16:23,19600,0.0316,25.721,0.00164,0.0287,8.1e-05,0.0001,0.00271,348664
418,2023-07-22 18:16:42,19700,0.03151,25.756,0.00163,0.02861,8e-05,0.0001,0.00271,341323
419,2023-07-22 18:17:01,19800,0.03151,25.723,0.00161,0.02863,8e-05,0.0001,0.0027,339649
420,2023-07-22 18:17:21,19900,0.0315,25.73,0.0016,0.02862,8e-05,0.0001,0.0027,339311
421,2023-07-22 18:17:40,20000,0.03147,25.755,0.00158,0.02859,8e-05,0.0001,0.00269,340545
432,2023-07-22 18:18:06,20100,0.0314,25.739,0.00157,0.02853,8e-05,0.0001,0.00269,341933
433,2023-07-22 18:18:25,20200,0.03141,25.755,0.00156,0.02855,8.1e-05,0.0001,0.00268,341488
434,2023-07-22 18:18:44,20300,0.03132,25.749,0.00154,0.02846,7.9e-05,0.0001,0.00268,342012
435,2023-07-22 18:19:03,20400,0.03131,25.761,0.00153,0.02845,7.9e-05,0.0001,0.00267,339358
436,2023-07-22 18:19:23,20500,0.03126,25.774,0.00151,0.02841,7.9e-05,0.0001,0.00267,341340
442,2023-07-22 18:19:47,20600,0.03123,25.8,0.0015,0.02838,7.9e-05,0.0001,0.00266,346429
443,2023-07-22 18:20:06,20700,0.03125,25.772,0.00149,0.02841,7.8e-05,0.0001,0.00266,339958
444,2023-07-22 18:20:26,20800,0.03121,25.821,0.00147,0.02838,7.9e-05,0.0001,0.00265,339913
445,2023-07-22 18:20:45,20900,0.03109,25.815,0.00146,0.02826,7.9e-05,0.0001,0.00264,342104
446,2023-07-22 18:21:04,21000,0.03108,25.832,0.00145,0.02826,7.9e-05,0.0001,0.00264,342426
452,2023-07-22 18:21:28,21100,0.03104,25.87,0.00143,0.02822,7.8e-05,0.0001,0.00263,341934
453,2023-07-22 18:21:48,21200,0.03108,25.834,0.00142,0.02826,7.9e-05,0.0001,0.00263,338029
454,2023-07-22 18:22:07,21300,0.03099,25.861,0.00141,0.02818,8e-05,0.0001,0.00262,340029
455,2023-07-22 18:22:26,21400,0.03093,25.874,0.00139,0.02813,7.9e-05,0.0001,0.00262,338347
456,2023-07-22 18:22:45,21500,0.03101,25.841,0.00138,0.02822,7.9e-05,0.0001,0.00262,340964
462,2023-07-22 18:23:09,21600,0.03089,25.892,0.00137,0.0281,7.9e-05,0.0001,0.00261,344404
463,2023-07-22 18:23:29,21700,0.03096,25.831,0.00136,0.02817,7.9e-05,0.0001,0.00261,339492
464,2023-07-22 18:23:48,21800,0.03088,25.852,0.00134,0.0281,7.8e-05,0.0001,0.0026,340897
465,2023-07-22 18:24:07,21900,0.03081,25.904,0.00133,0.02803,8.1e-05,0.0001,0.0026,339920
466,2023-07-22 18:24:26,22000,0.03071,25.941,0.00132,0.02794,7.9e-05,0.0001,0.00259,341919
472,2023-07-22 18:24:50,22100,0.03074,25.909,0.00131,0.02797,7.8e-05,0.0001,0.00259,347618
473,2023-07-22 18:25:09,22200,0.03066,25.94,0.00129,0.0279,7.9e-05,0.0001,0.00258,341995
474,2023-07-22 18:25:29,22300,0.03075,25.895,0.00128,0.028,8e-05,0.0001,0.00258,339889
475,2023-07-22 18:25:48,22400,0.03069,25.906,0.00127,0.02794,7.8e-05,0.0001,0.00257,338912
476,2023-07-22 18:26:07,22500,0.03061,25.93,0.00126,0.02786,7.7e-05,0.0001,0.00257,341431
482,2023-07-22 18:26:32,22600,0.03056,25.953,0.00125,0.02781,7.8e-05,0.0001,0.00256,346542
483,2023-07-22 18:26:51,22700,0.03052,25.961,0.00124,0.02778,7.9e-05,0.0001,0.00256,338454
484,2023-07-22 18:27:11,22800,0.03051,25.98,0.00122,0.02778,7.7e-05,0.0001,0.00255,339608
485,2023-07-22 18:27:30,22900,0.03048,25.955,0.00121,0.02776,7.8e-05,0.0001,0.00255,340400
486,2023-07-22 18:27:49,23000,0.03051,25.976,0.0012,0.02778,7.8e-05,0.0001,0.00255,344430
492,2023-07-22 18:28:13,23100,0.03034,26.026,0.00119,0.02762,7.7e-05,0.0001,0.00254,344282
493,2023-07-22 18:28:32,23200,0.03047,25.956,0.00118,0.02775,7.8e-05,0.0001,0.00254,340400
494,2023-07-22 18:28:52,23300,0.03036,26.0,0.00117,0.02765,7.7e-05,9.9e-05,0.00253,339389
495,2023-07-22 18:29:11,23400,0.03033,25.972,0.00116,0.02762,7.7e-05,9.9e-05,0.00253,338979
496,2023-07-22 18:29:30,23500,0.03027,26.009,0.00115,0.02757,7.7e-05,9.9e-05,0.00252,337603
502,2023-07-22 18:29:55,23600,0.03033,26.005,0.00114,0.02763,7.8e-05,9.9e-05,0.00252,344150
503,2023-07-22 18:30:14,23700,0.03025,26.026,0.00113,0.02756,7.7e-05,9.9e-05,0.00252,339228
504,2023-07-22 18:30:34,23800,0.03029,26.006,0.00112,0.0276,7.7e-05,9.9e-05,0.00251,339638
505,2023-07-22 18:30:53,23900,0.03023,26.016,0.00111,0.02755,7.7e-05,9.9e-05,0.00251,340958
506,2023-07-22 18:31:12,24000,0.03016,26.049,0.0011,0.02748,7.7e-05,9.9e-05,0.0025,341581
512,2023-07-22 18:31:36,24100,0.03023,25.993,0.00109,0.02755,7.7e-05,9.9e-05,0.0025,346538
513,2023-07-22 18:31:55,24200,0.03014,26.073,0.00108,0.02747,7.8e-05,9.8e-05,0.0025,340036
514,2023-07-22 18:32:15,24300,0.03008,26.052,0.00107,0.02741,7.6e-05,9.8e-05,0.00249,340436
515,2023-07-22 18:32:34,24400,0.03004,26.068,0.00106,0.02738,7.7e-05,9.8e-05,0.00249,340158
516,2023-07-22 18:32:53,24500,0.03008,26.031,0.00105,0.02743,7.6e-05,9.8e-05,0.00248,341918
522,2023-07-22 18:33:17,24600,0.03002,26.073,0.00104,0.02736,7.7e-05,9.8e-05,0.00248,344682
523,2023-07-22 18:33:37,24700,0.0299,26.136,0.00103,0.02725,7.7e-05,9.8e-05,0.00248,340171
524,2023-07-22 18:33:56,24800,0.02993,26.12,0.00102,0.02728,7.6e-05,9.8e-05,0.00247,338158
525,2023-07-22 18:34:15,24900,0.02992,26.106,0.00101,0.02728,7.7e-05,9.8e-05,0.00247,341130
526,2023-07-22 18:34:34,25000,0.02993,26.094,0.001,0.02728,7.6e-05,9.8e-05,0.00247,343192
